title,author,link,comment_ID,time
Scammer company at it's best ,Independent-Beat-459,https://redd.it/1fualg9,1fualg9,2024-10-02 13:00:18
This cracked me upðŸ¤£,dankdutta,https://redd.it/1fuft38,1fuft38,2024-10-02 18:39:46
Flipkart and EKart are absolute trash,Admirable_Chemist777,https://redd.it/1fu949z,1fu949z,2024-10-02 11:11:25
Please post on X and amplify #flipkartscam,sneakerit,https://redd.it/1fujcke,1fujcke,2024-10-02 21:15:28
Flopkart cancelled my flash deal order,wanderlones,https://redd.it/1fuedak,1fuedak,2024-10-02 17:25:40
Flipkart eager to make Big Billion sale business,AffectionateTree3326,https://redd.it/1fulw3m,1fulw3m,2024-10-02 22:58:23
Big Billion Buy. TCL c655 65l qled. ,ButterscotchUnable84,https://redd.it/1fuf1s2,1fuf1s2,2024-10-02 18:02:05
Scamkart,Eiklaps,https://redd.it/1fun71f,1fun71f,2024-10-02 23:51:55
Absolute awkwardness ,ReplyOwnSec17,https://redd.it/1fubfz4,1fubfz4,2024-10-02 14:06:02
Is anyone else's Flipkart order getting delayed ?,OrdinaryTranslator18,https://redd.it/1fuakbx,1fuakbx,2024-10-02 12:57:58
Flipkart EMI Plan Changed After Purchase - No 12-Month No-Cost EMI Available,Revolutionary_Leg622,https://redd.it/1fud8m6,1fud8m6,2024-10-02 16:18:41
Would Flipkart Flash Sale comeback soon?,Unlucky-Ad-41,https://redd.it/1fud3st,1fud3st,2024-10-02 16:09:45
Scammers alert!! ,YoBigDaddaa,https://redd.it/1fuazed,1fuazed,2024-10-02 13:30:49
Flipkart these days feels like a SCAM!,aryangoyal1996,https://redd.it/1ftm5mj,1ftm5mj,2024-10-01 17:20:50
Flipkart is a scam ,anonymous_9977,https://redd.it/1ftk1g3,1ftk1g3,2024-10-01 15:03:30
Help Regarding payment and finances.,Competitive_Flan2931,https://redd.it/1fu476r,1fu476r,2024-10-02 06:31:04
"Hi consumers. This side full time slave of Flipkart aka customer care executive. I had seen people over here having problem while using Flipkart and calling Flipkart customer support or agents fools. I am here to help you if you have any doubt, problem, concern over Flipkart or Flipkart support.",LemonVegetable9183,https://redd.it/1ftqvhb,1ftqvhb,2024-10-01 20:58:27
"Remember do no expect that I am having full knowledge of Flipkart insider. Because even we don't have much information about logistics, sellers, backend team. Sorry for my broken English. Agar English aati hoti acche se to Flipkart customer support me kyu kaam kr rha hota.",LemonVegetable9183,https://redd.it/1ftqxca,1ftqxca,2024-10-01 21:00:35
Flipkart at this point is just making a mockery of it's customers.,Thirsty_demon_,https://redd.it/1ftjma2,1ftjma2,2024-10-01 14:31:49
Flipkart support asked me to download and apk,Silkenknave122,https://redd.it/1ftjoni,1ftjoni,2024-10-01 14:36:56
Flipkart worst support,Jumpy-Dot-2657,https://redd.it/1ftgr4p,1ftgr4p,2024-10-01 11:02:25
Flipkart kamani hub.kisiko address pata hai kya,Major_Ad4571,https://redd.it/1fte3f1,1fte3f1,2024-10-01 08:28:10
Going to file case against Flipkart in consumer court,Bright-Selection1821,https://redd.it/1ft2g6r,1ft2g6r,2024-09-30 23:45:41
Confused between which monitor to buy,Suspicious-Benefit-6,https://redd.it/1ft0f43,1ft0f43,2024-09-30 22:23:10
Flipkart late delivery issue ,Beautiful-Ladder1723,https://redd.it/1ft2y4x,1ft2y4x,2024-10-01 00:05:59
 iPhone Prices Hiked,angkitbharadwaj,https://redd.it/1fswzxp,1fswzxp,2024-09-30 20:03:26
Ordered 2 days ago not shipped yet?Any chance of cancellation.,Afraid-Wrap-8278,https://redd.it/1fspl3z,1fspl3z,2024-09-30 12:31:46
Is this seller reliable? ,Gyno_nerd,https://redd.it/1fss9ql,1fss9ql,2024-09-30 15:56:55
Title ko help chahiye ,travishead_137,https://redd.it/1fssi9s,1fssi9s,2024-09-30 16:13:19
Mynta box flipkart packet,holisticparty,https://redd.it/1fsrsr5,1fsrsr5,2024-09-30 15:24:03
Samsung unlockboot.,UraharaCifer,https://redd.it/1fsq3cs,1fsq3cs,2024-09-30 13:10:35
I am stuck here anyone help,IRONFISTKABIR,https://redd.it/1fsmhwr,1fsmhwr,2024-09-30 09:06:24
Help!! Discount vanished,Xcross_11,https://redd.it/1fspjmo,1fspjmo,2024-09-30 12:29:16
Did anyone buy iPhone 15 in Flipkart bbd sale from seller TREASURE HAUL ONLINE and recieved it on expected delivery date? Is it genuine?,Secure_Walk1313,https://redd.it/1fsl2pq,1fsl2pq,2024-09-30 07:48:58
Is this genuine apple watch ultra 2?,pkrawat00,https://redd.it/1fsnrgn,1fsnrgn,2024-09-30 10:23:57
Guys i have ordered an iphone 15 from Flipkart can you guide me of what i should do to check its originality and to be avoided to get a refurbished one or even the one which has been returnedâ€¦ please help,Invisible-eco,https://redd.it/1fs7ph5,1fs7ph5,2024-09-29 21:30:53
Frustrated with Flipkart Order Delay,Current_Area_2385,https://redd.it/1fsa9dc,1fsa9dc,2024-09-29 23:21:05
S23 seller is MYTHANGLORYRetail. ,UraharaCifer,https://redd.it/1fs70lh,1fs70lh,2024-09-29 21:01:16
S23 FINALLY! Doubt-,Ok_Ad_2754,https://redd.it/1fs9gge,1fs9gge,2024-09-29 22:47:01
Is this a new scam??,Safe_Foundation,https://redd.it/1frimb7,1frimb7,2024-09-28 22:21:16
Flipkart S23 might be a potential scam?HELP,mommydarling,https://redd.it/1fs0kxl,1fs0kxl,2024-09-29 15:01:39
Finally ordered the iPhone15,Afraid-Wrap-8278,https://redd.it/1fre8oe,1fre8oe,2024-09-28 18:54:57
Price lock,kbn1209,https://redd.it/1frz6mt,1frz6mt,2024-09-29 13:15:38
Regarding Iphone 15,Calm_Variation7217,https://redd.it/1frlglf,1frlglf,2024-09-29 00:29:52
Is it normal?,Few_Lecture_7328,https://redd.it/1frl7fm,1frl7fm,2024-09-29 00:18:26
During phone exchange do we have to provide them with the charging adaptor only or the cable too?,YoBigDaddaa,https://redd.it/1frsgfn,1frsgfn,2024-09-29 06:12:49
Answered a quiz and got 3k discount. Legit?,4ROHIT7,https://redd.it/1frdaco,1frdaco,2024-09-28 18:04:12
WHAT THE HELL,hornydorito69,https://redd.it/1fr7s7p,1fr7s7p,2024-09-28 11:31:20
Ekart Kamani Mumbai Hub ,Cultural_Paper_1056,https://redd.it/1frjn48,1frjn48,2024-09-28 23:07:46
Guys regarding iphone,AssumptionGlass2419,https://redd.it/1freewi,1freewi,2024-09-28 19:03:45
Question : Can I return the asics shoe even after Open Box delivery if I dont like the fit ?,Necessary-Letter5114,https://redd.it/1frdqjw,1frdqjw,2024-09-28 18:28:51
Finally Order The S23 but worried about the productðŸ¥²,the_marsian_25,https://redd.it/1fr5yzt,1fr5yzt,2024-09-28 09:30:48
Flipkart iPhone Exchange Issue - Executive Lied About App Not Working?,noobmaster-redditor,https://redd.it/1frepto,1frepto,2024-09-28 19:19:32
From Loyal Customer to Never using Flipkart,Rewatcher,https://redd.it/1frc2m1,1frc2m1,2024-09-28 16:49:17
I am getting better deal on a laptop but i ordered one before just one day ago it has been shipped so should I cancel that how many days it would take to refund please anyone help I have used hdfc credit card ?,,https://redd.it/1fr44u0,1fr44u0,2024-09-28 07:41:17
Flipkart's HDFC Debit Card Discount Drama,No_Individual6701,https://redd.it/1fqvf2e,1fqvf2e,2024-09-28 00:35:00
Is this a bug ? ,Mrjohn09,https://redd.it/1fqufir,1fqufir,2024-09-27 23:51:48
Big billion days ,JOHNATHAN_DESOUZA,https://redd.it/1fqilyq,1fqilyq,2024-09-27 13:29:31
"I want to buy a laptop for trading and casual gaming, don't know which laptop from these offer a better battery backup",Sea-Measurement8970,https://redd.it/1fqsnsf,1fqsnsf,2024-09-27 22:35:00
Are the sale prices dynamic throughout the sale?,drachyo689,https://redd.it/1fqlrjt,1fqlrjt,2024-09-27 17:16:07
Is the subvention cost to be borne by me?,pressing_bench65,https://redd.it/1fqi9we,1fqi9we,2024-09-27 13:03:22
"Does anyone know code for ""smartphone at rupees 1"" ad on times of india ?",Fair_Dealer_9440,https://redd.it/1fqgt96,1fqgt96,2024-09-27 11:14:47
Can somebody explain what's this?,Xcross_11,https://redd.it/1fq4nzs,1fq4nzs,2024-09-27 00:57:40
iPhone 12 mini,Naitikx0,https://redd.it/1fq3u91,1fq3u91,2024-09-27 00:22:53
Whatâ€™s your suggestion for a good over the ear headphones.,robocop21352,https://redd.it/1fpxlxm,1fpxlxm,2024-09-26 20:01:50
Is it safe to buy iPhone online?,BharatiyeIronMan,https://redd.it/1fq4xu0,1fq4xu0,2024-09-27 01:09:22
Will the iPhone prices be reduced again?,ladyadaira,https://redd.it/1fpqr04,1fpqr04,2024-09-26 13:09:45
Drop your BBD Best buys below,mave4ick,https://redd.it/1fpffjh,1fpffjh,2024-09-26 02:40:26
Best Wireless earbuds to buy during BBD?,pizza__irl,https://redd.it/1fpvfu6,1fpvfu6,2024-09-26 18:22:32
Tab,Vast_Cattle_1389,https://redd.it/1fq2zvy,1fq2zvy,2024-09-26 23:46:47
"50"" Smart TV deals",anagrammica,https://redd.it/1fpxfnu,1fpxfnu,2024-09-26 19:54:13
Delivery time,fisherman231,https://redd.it/1fq0tt2,1fq0tt2,2024-09-26 22:17:04
Ink tank Printer required ,mahjon9,https://redd.it/1fpwof7,1fpwof7,2024-09-26 19:20:58
COD for iphone,duhmahnameyours,https://redd.it/1fpsd5e,1fpsd5e,2024-09-26 15:16:03
Does 'item dispatched from seller warehouse ' means that the item won't get cancelled by Flipkart?,soynik,https://redd.it/1fpdjwu,1fpdjwu,2024-09-26 01:21:05
iPhone 15 Price on BBD?,FirefighterSafe2716,https://redd.it/1fpcogi,1fpcogi,2024-09-26 00:43:54
"HDFC Bank cards can't avail discount, is anyone actually getting any discount?",No_Individual6701,https://redd.it/1fpcrnn,1fpcrnn,2024-09-26 00:47:35
Price check: iPad 10th gen on Flipkart (Comparison with Amazon),misha_batra,https://redd.it/1fpc2uo,1fpc2uo,2024-09-26 00:18:48
Anyone has flipkart plus? I want to check a price for big billion day,Top-Butterfly-7257,https://redd.it/1fpbvm4,1fpbvm4,2024-09-26 00:10:20
lets discuss sale if anyone is wanting to buy,thestreetsareours,https://redd.it/1fpc96i,1fpc96i,2024-09-26 00:26:15
Hey guys does anyone here sell products on Flipkart??,UwUhanakokun4u,https://redd.it/1fp4fvk,1fp4fvk,2024-09-25 18:57:49
Hey guys! I want a good/best camera for podcasting. Plz give suggestions.,DotHot6,https://redd.it/1fp1dcn,1fp1dcn,2024-09-25 16:12:31
Help. ,Big_Fun7864,https://redd.it/1fo7dx9,1fo7dx9,2024-09-24 13:40:34
Mobile Exchange Box Not Available ,Plenty-Specialist981,https://redd.it/1fnvrdp,1fnvrdp,2024-09-24 02:50:17
Can I use giftcard with this coupoun ,Few_Lecture_7328,https://redd.it/1fnlsgc,1fnlsgc,2024-09-23 19:58:35
Need phone under 40k in this bbd sale,Few_Kaleidoscope_193,https://redd.it/1fntkv2,1fntkv2,2024-09-24 01:18:58
anyone would like to join a online shopping group for discussion on how to get max discount and deals etc,thestreetsareours,https://redd.it/1fns0ua,1fns0ua,2024-09-24 00:15:10
MacBook Air M3,ShishupalKr,https://redd.it/1fnkyq9,1fnkyq9,2024-09-23 19:22:30
How true is this ?,Longjumping_Oil_5729,https://redd.it/1fnlv63,1fnlv63,2024-09-23 20:01:47
How many of you waiting for this?,Easy-Squash-200,https://redd.it/1fmx8dx,1fmx8dx,2024-09-22 21:56:42
